Karylin Corneil,Gorczany-Ruecker
Roxy Magenny,Koelpin and Sons
Ilka Cauldfield,Prosacco LLC
Buiron Search,Gibson-Fay
Simonne Bendley,Runolfsson-Ernser
Patrizio Westpfel,"Kilback, Harber and Nader"
Darby Udie,"Funk, Keeling and Kirlin"
Ursola Fawke,"Blanda, O'Keefe and Gutkowski"
Hugues Dahle,Rippin Group
Celestyna Laughrey,Collins LLC
Jerrie Beddin,Funk-Kulas
June Rubinovitsch,"Fay, Weber and Roob"
Ludvig Dran,Okuneva-McGlynn
Patricio Wharin,Pollich-Nader
Marcus Jakubiak,Bradtke-Treutel
Karola Cowie,Kiehn-Green
Deborah Grichukhin,Rath-Lakin
Christiano Hosten,McClure LLC
Germaine Cotta,"Ratke, Reynolds and Bechtelar"
Mayor Megahey,"Conn, Hansen and Wilderman"
Mable Baddiley,Medhurst Inc
Bendite Jankovsky,Doyle Group
Lemar Sprigging,Rowe Inc
Farrand Bovis,Lakin Inc
Renaldo Howlett,Littel LLC
Niels Malmar,Gleason-Gutmann
Clarey Althrop,"Hirthe, Champlin and Dach"
Beck Joire,Willms-Marquardt
Huberto Zmitruk,Rau and Sons
Brendan Overel,"Conroy, Jaskolski and Schultz"
Nellie Brabbs,Larson Inc
Hube Bruna,"Douglas, Tillman and Casper"
Wylma Peyes,Wyman Group
Ritchie Villa,Grady and Sons
Briny Clemencon,Aufderhar and Sons
Esther Edgerley,"Lindgren, Braun and Zulauf"
Jefferey Howood,Block-Schmitt
Estelle Stannion,"McLaughlin, Fisher and Stark"
Darrel Minchi,"Nikolaus, Bartoletti and Adams"
Mada Orman,"Kunde, Gibson and Gutmann"
Veda Playdon,Macejkovic-Medhurst
Aristotle Bernhard,Emard-Ledner
Dagny Eden,"O'Keefe, Hintz and Parker"
Lilia McNeice,Deckow LLC
Annora Somerton,Upton Group
Kristy Bolletti,Bode Inc
Claire Dowderswell,Mohr-Rodriguez
Roberto Landa,Hilll-Tillman
Correna Gorick,Lueilwitz-Baumbach
Dorian Baccus,Medhurst Group
Lucita Stores,"Rogahn, Shields and Boyer"
Ring Ifill,Dickens-Kuphal
Demott Usmar,Schroeder and Sons
Sioux Josskoviz,Turcotte and Sons
Salem Skipping,"Nolan, Smith and Kris"
Shadow Benini,"Schroeder, Johnston and Hansen"
Ginni Edgington,Bogisich LLC
Carolan Espina,"Kunde, Hahn and Maggio"
Dacie Filipczak,Bailey-Streich
Portie Salzberger,O'Keefe Group
Tabbitha Robinet,Weissnat and Sons
Adelina Gowthorpe,Durgan Inc
Ollie Lowless,Lemke-Conn
Si Lindstedt,Bernhard Inc
Salim Storrs,"Shanahan, Runte and Goodwin"
Leonerd Gritland,Rodriguez-Prohaska
Cathi Simpkin,Ebert-Ratke
Shani Brede,"Herman, McGlynn and Mueller"
Ernestus Cheverton,Wisozk-Lesch
Devora Davidai,Reichert Inc
Archibald Dust,Jacobs-Simonis
Shandeigh Gioan,"Hackett, Conn and Barrows"
Reyna Bulstrode,Block-Bosco
Annalee Kleynermans,Jast-Hayes
Hobie Adelman,Lindgren LLC
Datha Lackney,"Mayert, Pfannerstill and Douglas"
Karen Putterill,DuBuque-Franecki
Ailsun Anton,Hoeger Group
Abel Harvie,Champlin Group
Barbara-anne Jiggins,Considine Inc
Ambrose Cassel,"Hoppe, Torphy and Lueilwitz"
Trude Ziemke,O'Reilly-Zboncak
Mallorie Brasted,"Farrell, Rogahn and Koch"
Joseph Beeden,Ziemann-Steuber
Helaina Luter,Upton Inc
Sig Stoffel,Reichert Inc
Diarmid Bouldon,Bartoletti-Mitchell
Bernette Sneezem,Kemmer-Kuphal
Clemente Eede,"O'Conner, Balistreri and Oberbrunner"
Logan Oats,Langworth-Spinka
Isa Chadd,"Bergstrom, Swaniawski and Luettgen"
Marcelia Handrik,Osinski and Sons
Darcee Burren,Hilll-Daniel
Dre Airy,Berge Group
Dev Abbot,"Senger, Fahey and Moen"
Asa Delia,Waters-Champlin
Eleonora Wooldridge,Bruen-Frami
Car Bulfoot,Dietrich Group
Ricca De Blasio,"Reynolds, Torp and Skiles"
Joyce Stackbridge,"Hermiston, Fisher and Heaney"
Valentina Glasscoe,"King, Nienow and Crooks"
Karisa Miettinen,"Mitchell, Schamberger and Davis"
Dorey Forson,Wolff-Kub
Braden Enderlein,Lakin-Ankunding
Kass Nesbeth,"Emmerich, Bosco and Kovacek"
Winifield Drewes,Conn-Weimann
Raffarty Harty,"Smitham, Rau and Bins"
Pris Oakeshott,Kuhlman Inc
Olivier Keeley,Lubowitz-Turcotte
Kimmie Falcus,Kiehn-McCullough
Ody Stockman,Reynolds Group
Obie Inde,Turcotte-Nienow
Carmine Leates,"Wiza, McGlynn and Bauch"
Allison Ivanishev,Rau-Daniel
Olenka Wassell,"Mann, Jacobs and Conroy"
Petronella McIlwraith,Herman-Cruickshank
Walker Mannakee,Nader-Rau
Harland Wallsam,Cronin and Sons
Padraic Stockbridge,Fadel-Muller
Ogdan Clubb,O'Reilly-Gorczany
Gerry Twitchett,Labadie Group
Coleman Bywater,"Langosh, Cassin and Williamson"
Murial Maestro,Willms-Mitchell
Fabian Goford,"Murazik, O'Hara and Ratke"
Booth Dionisio,Deckow-Schneider
Dorthy Beddin,"Beer, Jacobson and Rogahn"
Jeniffer Cheetam,"Champlin, Hirthe and Ward"
Bambie Weller,Pollich Inc
Dollie Ropcke,Steuber Inc
Bertram Staniforth,"Robel, Nolan and Weissnat"
Theo Heliot,"Mitchell, Quitzon and Halvorson"
Rasla McCardle,Yundt-Goyette
Bogart McLean,Effertz Group
Myron Marjanski,Satterfield-Runolfsdottir
Glynnis Bond,"Ullrich, Bogan and Borer"
Aurea Garey,"Hoppe, Yundt and Barrows"
Celestyn Bricket,Heidenreich and Sons
Raimondo Sambell,Donnelly and Sons
Modesty Willshire,Dietrich-Von
Fin Witul,"Hessel, Schoen and Grady"
Judas Dudderidge,"Braun, Schoen and Koelpin"
Dena Tuny,"Denesik, Runte and Kuvalis"
Nanete Blitz,"Berge, Raynor and Kovacek"
Dallis Muddicliffe,Hilll and Sons
Hester Summerton,"Hansen, Lockman and Olson"
Dane Earl,"Becker, Davis and Koelpin"
Karylin Winslow,Raynor LLC
Tracy Trigg,Considine-O'Kon
Hercules Theseira,O'Connell LLC
Ambrosius Tiery,Grant and Sons
Jessalyn Laidlow,Jacobs Group
Zeke Hurling,Kemmer and Sons
Elene Wanden,"Connelly, Dietrich and Stamm"
Elfie Bourthoumieux,Connelly Inc
Micheal Silvermann,"Batz, Wilkinson and King"
Reiko MacKimmie,"Haag, Roberts and Hansen"
Clemmie Jaynes,"Spinka, Davis and Moore"
Zared Lartice,Kling Group
Garrott Lanham,Emard Group
Kippy Barajaz,Hoeger-Smitham
Modestine Eaden,"Roob, Sipes and Reinger"
Sabrina Kingwell,Hodkiewicz-Monahan
Ashby Douch,"Hauck, Goyette and Tillman"
Alicea Cremins,Cronin Inc
Elnar Rusted,Medhurst LLC
Dede Drinkale,Reinger-Powlowski
Uriel Trengove,"Glover, King and Howell"
Quintin Godsmark,"Kirlin, O'Connell and Rodriguez"
Easter Tayloe,Gusikowski-Jacobson
Serge Linthead,Rohan-Turcotte
Woodrow Fulle,Carter and Sons
Erwin Andriesse,Bahringer-Okuneva
Joscelin Pilkinton,Koss-Koss
Quintin Muat,"Kris, Balistreri and Crona"
Janene Alflat,Huel-Anderson
Lesley Shoppee,McKenzie-Krajcik
Dunn Mussalli,"McGlynn, Volkman and Gottlieb"
Mannie Bance,"Moore, Reynolds and Corkery"
Renie Dragonette,Purdy and Sons
Linnell Tockell,"Runolfsdottir, Shanahan and Gusikowski"
Emelia Cough,"Lesch, Kohler and Sporer"
Vera Dobble,"Koss, Mills and Donnelly"
Conny Brithman,Stanton-Greenholt
Cello Choke,Boehm Group
Jameson Greatland,Gusikowski-Larkin
William Epinoy,Kuhic-Torphy
Lazarus Stowers,Cronin-Skiles
Evonne Fehners,Howell-Bins
Janenna Mully,Rolfson Inc
Nancie Derr,Lesch and Sons
Dalston Lafrentz,Jacobs-Streich
Maynard Penwright,Buckridge and Sons
Eveline McCall,Weber-Fahey
Anita Stanfield,Quigley-Lakin
Friederike Pearton,MacGyver Group
Julie Whybrow,Sanford and Sons
Madeleine Rushby,"Smith, McDermott and Nikolaus"
Deerdre Vincent,"Quitzon, Stark and Pagac"
Esma Ritmeier,Langosh Group
Tybi Klais,Labadie and Sons
Emeline Wolffers,Quigley-Beier
Zara Bonfield,"Romaguera, Goldner and Rosenbaum"
Lexis Stronough,Ondricka Group
Bernie Hatfull,Will Group
Audi Cluely,"McGlynn, Connelly and Schuster"
Hillary Pucker,"Murphy, Kiehn and Orn"
Ingelbert Hairon,Oberbrunner-Russel
Herve Poland,Fisher-Parker
Skippy Hendron,"MacGyver, Legros and Willms"
Jocelin Nurse,"Becker, Gaylord and Sanford"
Dunstan O'Hara,Lang-Keeling
Hortensia Swaysland,Dicki-Stoltenberg
Gauthier Howson,Tremblay-Runte
Angelico Fley,Dicki Inc
Con Ashmore,Parisian Inc
Wait Leadstone,Romaguera-Greenholt
Ursala Aherne,Macejkovic Group
Dalt Clawley,"Murazik, Mills and Littel"
Burke Jorin,Bartoletti LLC
Charil Calfe,"McClure, McGlynn and Bode"
Neddy Mullis,Rempel-Goodwin
Sandy Ingledow,"Pfeffer, Hodkiewicz and Skiles"
Grover Morrissey,Streich Group
Barthel MacElholm,Jakubowski-Glover
Sigismundo Younglove,Yost-Johns
Amity Mille,"Toy, Fritsch and Harvey"
Giorgia Kinglake,"Cole, Rolfson and Altenwerth"
Arlette Vooght,"Harvey, Harris and Bins"
Margi MacDowal,Schmeler-Torphy
Krishnah Wybrow,Huel and Sons
Chiarra Sandbrook,Dickens LLC
Cindi Stelfax,Lakin Inc
Elmore Petrashov,"Schumm, Maggio and Vandervort"
Bobbe Rosin,Halvorson-Daniel
Chev Kuzemka,Vandervort-Stiedemann
Urbain Benardeau,"Ondricka, Herman and Rutherford"
Pattie Brouwer,Walter-Hyatt
Jacquelynn Bodycote,"Bednar, Bernier and Metz"
Rolf Savill,Farrell-Hegmann
Anthe Brumfield,Keeling-Johnston
Raine Garred,"Witting, Leuschke and Aufderhar"
Abdul Hinz,Bogan LLC
Pennie Cousens,"Stehr, Lockman and Monahan"
Ernesta Weber,"Abernathy, Jakubowski and Boyle"
Owen Kochlin,Hansen-Aufderhar
Inessa Oag,Orn-Jenkins
Eolanda Gianullo,"Jones, Kuhn and Smith"
Ivory Gilleon,Batz Inc
Karlen Shires,"Wunsch, Ryan and Streich"
Rena Prangle,Windler-Schumm
Anitra Sabattier,"Stracke, Wolf and Hane"
Torie Christoffels,Predovic-Lang
George Rubinlicht,"Hickle, Ullrich and Kling"
Erich Prestland,Gibson-Simonis
Rodrick Lievesley,Monahan Group
Gabbie Waddams,"Pacocha, Murphy and Strosin"
Wes Huggins,Dach-Collins
Phillis Dun,Bode Inc
Johnathan Smallman,"Batz, Heller and Mitchell"
Ezechiel Kupis,Smith-Luettgen
Jarrid Gibard,Kulas-Schmeler
Amii Ruskin,Bayer-Wisozk
Sawyer Trewett,"Anderson, Kreiger and Goldner"
Sarah Zavattero,Stark-Fay
Davine Filppetti,Braun Group
Lonna Arkell,West and Sons
Blakeley Du Pre,Schaefer-Beer
Rosco Cardenas,"Boyer, Heidenreich and Bartoletti"
Rayna Bearcock,Yundt-Lesch
Terrijo Dutch,"Abshire, Lesch and Johns"
Katheryn Pilfold,Bernhard and Sons
Celina Statton,Langworth-Gerhold
Berta Suatt,"O'Conner, Nicolas and Sauer"
Caprice Fisby,Pouros Group
Madelin Padginton,Wehner Group
Ulric Chotty,Rodriguez Group
Sonnnie Grishmanov,Renner-Barrows
Garey Wollers,Waelchi LLC
Bud Bowland,Dare-Kirlin
Lindsey Watkiss,Smith and Sons
Cristal Gadaud,"Prohaska, Kilback and Rice"
Frasquito Meletti,Brekke-Anderson
Frederique Iacovozzo,"Murazik, Abbott and Satterfield"
Belicia Talby,Daugherty and Sons
Naomi Verden,Beahan-O'Conner
Cooper Suttell,Langosh-Powlowski
Jan Matthew,"Gleichner, Jast and Hirthe"
Ber Corry,Hartmann-Denesik
Rhys Dunstone,Littel LLC
Adamo Affuso,Lindgren-Mann
Lynnelle Koppens,"Jacobs, Heidenreich and Bode"
Marjorie Djordjevic,Cruickshank-Schuppe
Clotilda Greenlies,"Gerhold, Connelly and Legros"
Ambur Sandells,Larson and Sons
Matti Trott,"Skiles, Hudson and Brown"
Daile Lyptratt,Ernser and Sons
Seka Goodee,"Prohaska, Terry and Daugherty"
Renado Boncoeur,"Schinner, Borer and Herzog"
Burt Hinze,"Hayes, Waters and Nikolaus"
Tove Cordeiro,Johns Inc
Adella Burridge,Cummings-Armstrong
Cissy Albion,Yundt Inc
Thorpe Flageul,Hagenes-Harber
Lucian Skep,Konopelski LLC
Elisha Farryann,Funk and Sons
Joshua Jandac,Stokes LLC
Noella Toffoletto,Will Group
Mady Phillpotts,Bernier Group
Lucienne Ponton,Mayer-O'Kon
Dario Albin,"Yundt, Prosacco and Sauer"
Shanie Bann,Pouros-Pollich
Obediah Twyning,O'Connell Inc
Pren Leathem,"Cummerata, Nolan and Rosenbaum"
Darill Cato,Roberts Group
Abdul Yurevich,Hartmann-Kovacek
Pier Sellwood,"Beahan, Hamill and Dibbert"
Gard Woollaston,Glover Inc
Ulises Bleiman,Dietrich-Stark
Ulrica Rackam,Schamberger-Runolfsson
Brewster Vitet,"McDermott, Barrows and Mitchell"
Byram Pelman,Murray and Sons
Shandie McNally,"Corwin, Senger and Dibbert"
Randa Tire,Tremblay-Flatley
Finn Howsan,"Carter, Lakin and Reichert"
Drusi Enrietto,"Carroll, Ledner and Schimmel"
Karen Bowdler,Kunde and Sons
Susann Lunt,Brakus LLC
Emlyn Tennick,"Witting, Roob and Stamm"
Perri Bagniuk,Ziemann-Dietrich
Salaidh Lowdiane,Sipes-Hettinger
Hunter Longson,"Zulauf, Hettinger and Weber"
Nichols Bellringer,Stracke-Koch
Walt Eglese,Auer-Bogan
Jae McWhinnie,"Kessler, Walker and Spencer"
Tamara Lebbern,Ferry-Larkin
Eugenie McEntegart,Hills Inc
Jillana Kingaby,Volkman Group
Dorette Finder,Ernser Group
Imojean McOrkill,Douglas Inc
Rolfe Folbige,"Osinski, Anderson and Bogan"
Sybilla Granham,"Nicolas, Schiller and Murazik"
Karoly Lampke,Kautzer and Sons
Orella Rounsefell,"Erdman, Dare and Sipes"
Denys Burrel,Schaefer-Beer
Shep Ambler,Murray Inc
Dela Ashforth,"Kerluke, Williamson and Hirthe"
Lev Krollmann,Farrell LLC
Hannis O'Brallaghan,Murphy-Nienow
Mallory Crotch,"Doyle, Moen and Kuhic"
Kim Fidell,"Bauch, Fisher and Hermiston"
Ethe Kilbane,Bergnaum-Aufderhar
Packston Jamieson,Funk-Heaney
Timmie Cussen,Swaniawski-Runolfsson
Camey Bessent,"Hahn, Davis and Rohan"
Alissa Kindall,Batz and Sons
Angelina Deakan,Considine-Lang
Tiler Last,Moen Inc
Gerhardt Mossdale,Gulgowski Group
Torrance Naerup,Thompson and Sons
Nissa Fusedale,Stark-Heidenreich
Pearl Phillimore,Boehm-Franecki
Karl Cossom,"Gottlieb, Will and Robel"
Alix Maddin,"Boehm, Ward and Effertz"
Penrod Doumenc,Robel LLC
Augustine Damp,Terry LLC
Marna Bennett,Ratke LLC
Clary Daftor,"Harber, Bartoletti and Buckridge"
Gertrudis Balsom,"Larkin, Gutmann and Hoeger"
Edin Campkin,"Barrows, Daniel and Roberts"
Boy Zealy,Dickens-Lueilwitz
Jervis Chessum,"Christiansen, Sipes and Beahan"
Barth Worg,"Nader, Welch and Emard"
Pieter Howling,"Berge, Harvey and Weimann"
Etta Chatainier,Purdy Group
Rae Dorant,"Will, Spencer and Heidenreich"
Barbey Strowlger,McKenzie LLC
Jenine Wanell,"Kreiger, Kessler and Haag"
Cymbre Kennedy,Gerlach-Cormier
Juliann Pardue,Koss-Champlin
Easter Butten,Morissette-Larson
Dell Kobpa,"Kilback, Dach and Leannon"
Garrik Carcass,Ullrich LLC
Isis Harbison,Fahey-Fadel
Raffaello Andres,Batz-Bogan
Alla De Bruin,"Kub, Gleason and Powlowski"
Cirillo Haulkham,Friesen LLC
Vivienne Tegeller,Homenick Group
Nikki Nutkins,Schowalter and Sons
Kalvin Karle,"Runte, Von and Gutmann"
Maria Kirtley,Rowe LLC
Ailbert Skarin,Bruen Group
Demetrius Ilyasov,Powlowski LLC
Deborah Kynoch,Kris Inc
Anna Aimable,"Hettinger, Stokes and Watsica"
Neille Tapping,Harvey LLC
Ruggiero Jendrach,"Corkery, Ward and Weimann"
Libbey Barthram,"Gorczany, Price and Johnson"
Stan Skillicorn,Hoppe LLC
Susette Corten,Johns-Larson
Susy Ogley,"Morar, Aufderhar and Denesik"
Virge Rizzi,"Herzog, Kuvalis and Friesen"
Thedrick ducarme,Sauer-Rowe
Sean Crews,"West, Wisoky and Dickens"
Frazier Stollenbeck,Effertz LLC
Perren Learoid,Bechtelar and Sons
Dedra Bollam,Schamberger Inc
Vitia Ounsworth,Murphy-Shields
Carleton Goard,Weimann Inc
Irma Triebner,"Reichert, Brown and Bahringer"
Netty Pessolt,"Dare, Schmitt and Hayes"
Gardiner Lamblot,Crooks-Bode
Anton Berrill,"Flatley, Carroll and Sanford"
Ingeborg Dillaway,"Ruecker, Russel and Harvey"
Jere Sherington,Buckridge-Johnston
Umeko Karchewski,Huel-Gulgowski
Kristien Golden of Ireland,"Abshire, Schiller and Ullrich"
Vasili O'Kinneally,"Kohler, Lindgren and Hackett"
Yehudi Swanson,Zemlak-Parker
Delmar Pugh,Mueller-Kozey
Catharine Ipsley,Mueller and Sons
Danny Huriche,"Hintz, Collier and Roberts"
Bayard Kensit,Pfeffer-Ziemann
Shara Rivard,Toy-Parisian
Osmond Stevenson,Balistreri-Huel
Amitie Maldin,White-Kshlerin
Salomone Shailer,"Schaden, Simonis and Medhurst"
Vinny Cosby,Medhurst-Effertz
Laurie O'Heyne,Kemmer-Runolfsdottir
Elmore Canning,"O'Hara, Simonis and Hegmann"
Corbett O'Caine,Hand Group
Erena Seaborn,Pagac-Dicki
Samuel Goad,Kunze-Wunsch
Abraham Ranns,Stroman Inc
Broddie Poltun,Lakin-Bins
Zaneta Veel,Rogahn-Sporer
Verney Bedson,Hoeger-Senger
Xaviera Sudddard,Connelly LLC
Florella Lohan,Schuster-Sporer
Becki Griffith,Fay Group
Alicea Semorad,Sauer Group
Renaud Enterle,Rogahn Group
Colline Kerby,Kuhn-Pollich
Ophelie Austins,Russel Inc
Bennett Pavlata,Purdy-Fahey
Prue Rosenbloom,"Murazik, Cruickshank and Macejkovic"
Elbertina Battill,Collins Inc
Cayla Feeham,"Hamill, Hagenes and Kreiger"
Merrilee Bello,Pfeffer-Auer
Olivier Scud,"Stanton, Botsford and Anderson"
Rosina Orsi,"Nolan, Bernier and Keebler"
Hunter Neachell,Mertz-Anderson
Rice Culshaw,"Ullrich, Boyle and Cremin"
Erastus Belz,Kassulke-Feeney
Clarey Baxill,Gleason-Green
Deanna Chaffer,Reichel Group
Morse Merrison,Bogisich-Leuschke
Cornelia Monro,Satterfield-Torphy
Loralyn Stapleton,Bradtke Inc
Ky Northall,"Wolf, Bartoletti and Lang"
Amalia Humbee,Leuschke-Borer
Lucine Huxham,Tromp-Sanford
Zared Sawter,Bashirian Inc
Sheffie Stockman,O'Hara-Hudson
Johanna Braganca,Mills and Sons
Maurise Sancho,Rosenbaum-Tremblay
Nial Boughtwood,"Legros, Moore and Luettgen"
Emmi Mattusov,Mills and Sons
Doralin Macklam,Bartell-Corwin
Lesly Scolts,Lakin and Sons
Greg Leel,Wisozk-Bartoletti
Kaye Sharville,Little Inc
Ernaline Laverick,"Cummings, Boyer and Schroeder"
Sergei Ridulfo,Hayes Inc
Kip Dipple,"Dicki, Sawayn and Powlowski"
Reinaldo Whawell,"Weimann, Leannon and Mueller"
Sheena Gregorowicz,"Stiedemann, Paucek and Durgan"
Basia Folonin,Boyle-Schuppe
Birk Kopec,Renner Inc
Willy Kevane,Bernier Group
Elly Blare,Block and Sons
Dominga Tamburi,Mraz-Bode
Dolli Silbersak,Fisher-Champlin
Huntington De la Yglesias,Lindgren Group
Stormie Checchi,Mitchell and Sons
Leonora Elcomb,Goyette Group
Kaspar Carmo,Kuhlman LLC
Tessie Dunne,Halvorson-Nikolaus
Maxi Vlasenko,Roob-Lesch
Andros Sinnat,Rau LLC
Mattias Pollastrone,"Simonis, Blick and Hilpert"
Thaddeus Andreuzzi,Barrows-Howe
Garold Blasius,"Jones, Altenwerth and Will"
Merry Wanden,Lindgren and Sons
Tamarah Gulc,Altenwerth-Pfannerstill
Bud Trenouth,Erdman Group
Michell Poskitt,"Breitenberg, Auer and Hayes"
Darsey Luna,Kling-McKenzie
Arne Vedyaev,Muller and Sons
Rickey Bickerstaffe,McLaughlin Group
Kurtis McCrorie,Kunze-Streich
Mathilda Cornejo,Schroeder-O'Hara
Antony Coupman,Daniel LLC
Bili Forstall,Murphy-Harber
Stephanie Blanking,Bednar-Parker
Shea Bamell,Volkman-Klein
Timi Earlam,"Gaylord, Blanda and Wuckert"
Katherine Weatherburn,"Satterfield, Conroy and Schumm"
Krystle Ruslinge,Purdy LLC
Alie Shubotham,Schoen LLC
Roxane Haydn,Kling Inc
Siobhan Forsbey,Kilback Group
Ichabod Newitt,"Kohler, Runte and Stroman"
Pierrette Symcox,Rempel and Sons
York Shovelbottom,"Hermann, Luettgen and Howell"
Judye Eathorne,MacGyver and Sons
Webster Minger,Beahan-Bradtke
Dorotea Marsham,Beer LLC
Linnea Braybrooks,Jaskolski-Farrell
Cosetta Gebuhr,Jakubowski-Mohr
Sam McWhorter,Hintz and Sons
Yance Dannatt,Kunze-Heller
Carolan Everist,Upton Inc
Tadeo Hadwin,Kiehn LLC
Orbadiah Molian,"Witting, Kub and Langosh"
Prissie Schapiro,"Beahan, Deckow and Zulauf"
Rickert Calderbank,Macejkovic LLC
Tanney Felix,"Schiller, Johns and Pacocha"
Candida Munslow,Schaefer Group
Henrietta Woodrup,"Huels, Stracke and Hoeger"
Ernst Carvell,Crona-Bins
Prescott Ordelt,Gaylord and Sons
Antonia Bohlsen,Morar-Krajcik
Olvan Harbard,Wyman-Tromp
Tiffani Fidoe,Schimmel and Sons
Tish Petzold,"Ratke, Moen and Reinger"
Gennifer Jollands,Wisozk LLC
Darcy Nisbith,McGlynn Inc
Albertine Bleyman,Huel-Jast
Linzy Phifer,Lynch LLC
Selene Skillman,"Johnson, Torp and Beier"
Dorri Khotler,Kuhlman Group
Jo Goldbourn,"Schmidt, Williamson and Kuphal"
Dore Milstead,Howe-Watsica
Harris Syplus,DuBuque Group
Rickie Pozer,Rowe and Sons
Holmes Maharey,Bechtelar Inc
Jessy Spellward,Kohler-Jaskolski
Gilda Bevington,Kertzmann Inc
Gilbert Wilder,"Hermann, Kassulke and Marks"
Morton Cockson,"Hudson, Predovic and Osinski"
Yevette Dutch,Gleichner LLC
Svend Dowsey,"Kertzmann, Hegmann and Roberts"
Giorgi Luxmoore,"Kerluke, Jacobson and Sipes"
Rayner Barenski,Rogahn-Klein
Griff Bianco,Volkman Group
Demetris O'Ruane,Fisher-Boehm
Drucie Brugemann,"Carroll, Terry and Green"
Janette Innett,"Swift, Krajcik and Mayert"
Karon Springham,McGlynn LLC
Wylma Ruxton,Kessler LLC
Hartley Abramski,DuBuque Inc
Vicky Malek,"Graham, Heidenreich and Ryan"
Waly Shelvey,Gusikowski LLC
Cindy Greally,"Runolfsdottir, VonRueden and Monahan"
Phebe Hovard,Prosacco-Bartoletti
Louisette Eckh,Crona LLC
Giralda Menilove,"Corkery, O'Reilly and Bashirian"
Michail Gurwood,Adams-Pfeffer
Codi Alves,Fay-Bayer
Freeland Rohloff,Gerhold-Renner
Aidan Halcro,"Koepp, Davis and Cremin"
Lidia Wilsone,Shields-Frami
Marshall Laudham,Durgan Inc
Maddy Krink,Moen and Sons
Brose Adriaan,Borer Group
Leona Berndtsson,Gerhold Group
Colleen Ashbey,Weimann-Ebert
Elisha Lansly,"Funk, Kshlerin and Keebler"
Bank Vlach,"Buckridge, Beier and Schmidt"
Michel Farriar,"Stracke, Okuneva and Miller"
Nicola Birbeck,"Kilback, Grimes and Kilback"
Dede Devericks,Baumbach-Wehner
Shandie Bowshire,DuBuque-Flatley
Udell Greenland,Gerhold Inc
Hewitt Wallenger,Gerlach-Oberbrunner
Cece Biernat,Spencer-Ledner
Scarface Prandoni,Spinka Inc
Gretel Permain,"Kemmer, Stroman and White"
Newton D'Almeida,"Grant, Rippin and Waters"
Farlie Foux,Gleichner Inc
Benedetto D'Antoni,Hodkiewicz-Watsica
Flss Flear,"O'Reilly, Rolfson and Heidenreich"
Tedra De Gregoli,Kovacek Inc
Devlen Kordovani,"Greenfelder, Rohan and Hoeger"
Lanni Strank,Dickinson-Heaney
Janetta Emig,Morar-Herman
Lily Reedman,"Lynch, Koelpin and Herzog"
Harris Edgcumbe,"Rath, Wuckert and Harris"
Cecelia Nanuccioi,Jenkins-Ferry
Enoch Lozano,Nicolas LLC
Brunhilda Treppas,Deckow Group
Marijn Terney,Walker-Volkman
Wake Mougenel,Bartell-Funk
Rowen Adriani,Kihn-Robel
Hobard Peasegod,Effertz LLC
Kelwin Fellini,"Herman, Smitham and Sipes"
Guenna Tredget,Gerlach Inc
Doroteya Saddleton,Lebsack and Sons
Pamelina Tocher,"Treutel, Nitzsche and Runte"
Fanya Burniston,"Bernhard, Pfannerstill and Corwin"
Carmela Moar,Smitham Group
Tyrone Oxe,"Hoeger, Gaylord and O'Hara"
Deena Dyment,"Turcotte, Rempel and Yundt"
Ermanno Baskwell,Collins-Hilpert
Verine Petriello,"Hauck, Stroman and Kuvalis"
Lee Hurton,Bruen-O'Hara
Vitoria Code,Bechtelar-Hoppe
Hulda Candwell,"Kris, Luettgen and Friesen"
Alejandro Skeath,Stroman-Gusikowski
Raimundo Dewan,"Muller, Langosh and Bednar"
Lucien Lorenzini,Williamson-Gutmann
Wernher Sellwood,"Runte, Wilkinson and Schuppe"
Abigael Fullman,"Kunze, O'Connell and Schamberger"
Rudolf Justun,Mitchell-O'Hara
Trudy Elloy,Eichmann Group
Sven Oxenbury,Huels and Sons
Luigi Jentges,Becker-Wisoky
Druci Schulz,Kuvalis and Sons
Nita Donke,Gibson-Shanahan
Mady Leahey,Herman LLC
Thomasina Wallworke,Gottlieb LLC
Xena Farnham,Adams-Prosacco
Marie-jeanne Pinkney,Kuphal and Sons
Ahmed Lofty,"Hickle, Haley and Ondricka"
Philip Boog,Aufderhar-Hammes
Palm Hatcliffe,Schmitt-Deckow
Alberta Bampfield,"Eichmann, Zboncak and Kirlin"
Albie Grafhom,Lowe Inc
Willie Lightoller,"Lynch, Leuschke and Schuppe"
Mattie Longcaster,Thompson-Cassin
Edwin MacKall,Dooley-Buckridge
Selina Kenworth,"Dare, Littel and Flatley"
Cybill Wicher,Jaskolski and Sons
Antoni Bigby,Hahn-Brekke
Claire Hughman,"Franecki, Tromp and Tillman"
Avram Toderbrugge,Hauck-Cronin
Vin Alderwick,Beatty Inc
Ediva Rozea,Heller-Graham
Christine Staines,"Morar, Dach and Johnston"
Simone Gianolini,Mayer Group
Jeniffer Dickons,Witting Group
Heidie Truelove,"Beatty, Frami and Padberg"
Turner Merigon,"Schinner, Stehr and Corkery"
Ardine Dennerly,"Turcotte, Kozey and Ortiz"
Puff Inman,"Pagac, Olson and Schneider"
Matti Boydell,Denesik-Buckridge
Montague Sarson,Lang Inc
Karee Earthfield,"Oberbrunner, Funk and Kris"
Cynthea McQuarrie,Kling LLC
Idalina Ellerby,O'Connell-Schoen
Norris Stubbings,"Ruecker, Block and Morar"
Imojean Huddlestone,"Wolf, McGlynn and Deckow"
Rance Harryman,Willms-Turcotte
Dirk Copper,Schinner Inc
Tonnie Piercey,"Olson, Gusikowski and Steuber"
Fionna Swinfen,O'Keefe Inc
Tessie Swanbourne,"Jacobson, Krajcik and Wiza"
Bradley Bish,Yundt and Sons
Mateo Revitt,"Dach, Grimes and Wuckert"
Aggie Garroway,"Dooley, Davis and Hansen"
Egan Cromleholme,"Cartwright, Stoltenberg and Klocko"
Virge Healy,Sipes and Sons
Palm De la Yglesia,"Flatley, Hayes and Ondricka"
Amory Otson,"Denesik, Conn and Herman"
Charmian Skains,Kautzer-King
Ilene Meachem,Feest-Hessel
Sadie Aiers,Wiza-Prosacco
Hillyer Scopham,"Hamill, Hickle and Hermann"
Wash Gawthrop,Schinner-Mann
Halsey Gunner,Erdman and Sons
Caspar Burne,"Moen, Gleichner and Baumbach"
Amalea Peffer,Littel-Berge
Myrtice Brandrick,Kuvalis-Luettgen
Corty Empleton,Bayer-Streich
Melva MacIlhagga,Powlowski-Reilly
Freda Woodwind,Kling-Bins
Zarah Van der Hoven,King and Sons
Anthea Benadette,"Kiehn, Kuhn and Hamill"
Sinclair Raisher,Jast-Harvey
Beatrice Betchley,"Grimes, Feest and Hermann"
Maurie Gyves,Muller-Ziemann
Cora Grunder,Blick-Hand
Dew Ferreira,"Blanda, Becker and Predovic"
Janet McClymond,"Huels, Ondricka and Konopelski"
Marthena Gunner,Douglas-Upton
Abba Simms,Moore LLC
Eirena Prince,"Pouros, Murazik and Kovacek"
Charin Buncher,O'Kon-Wolff
Wain Trood,"Cronin, Gislason and Hahn"
Loren Leale,"Schultz, Harvey and Schiller"
Linda Leatherland,Kassulke-McDermott
Daryl Walbrook,Goodwin Inc
Delilah Boughtwood,"Ortiz, Sawayn and Schulist"
Torrin Daintier,Monahan and Sons
Mair Greatland,"Corkery, Dibbert and Monahan"
De witt Burgiss,Cummings and Sons
Cornelius Brito,Hirthe-Bins
Glynnis Risebrow,Medhurst Group
Dion Maxweell,Marquardt-Hintz
Sebastian Wapol,Little and Sons
Templeton Gilardone,"Huel, Barton and McKenzie"
Suzy Finlator,Goyette-Gleason
Bank Schober,Fahey-Jaskolski
Felizio Davidovics,Murphy Inc
Ferguson McGragh,Harber-Krajcik
Gavin Luddy,Haley-Goldner
Erma Faughny,"Feest, Kulas and Schaden"
Mace Hudleston,Schowalter LLC
Aleksandr Ferrar,"Rippin, Green and Cremin"
Mellisent Bucke,"Marvin, Baumbach and Lehner"
Tiphani Crallan,Padberg-Schoen
Rickert Ashdown,Beer LLC
Corey Brane,"Gerhold, Yundt and Krajcik"
Jayme Clibbery,Little-Schumm
Jerad Lepick,"Cassin, Carter and Lueilwitz"
Francois Michiel,"Kirlin, Crona and Klein"
Tito Bech,"Mayert, Morar and Aufderhar"
Albie Gerwood,Wisozk-Kuhic
Rey Lashford,Dickens and Sons
Gerda Bibbie,Abbott and Sons
Bradan O'Crotty,"Parisian, Waelchi and Bashirian"
Remus Cormack,"Bins, Rodriguez and Keebler"
Amabel Chandler,Braun Group
Cristiano Deroche,Witting and Sons
Rozina Cheak,Pagac-Weissnat
Jeramey Adney,"Kemmer, Wunsch and Corkery"
Randal Town,"Klocko, Lang and Douglas"
Gerry Olek,Medhurst LLC
Saloma Ambrogioni,Legros-Jenkins
Reinaldos Mytton,"Greenholt, Leuschke and Hayes"
Nickola Edgeley,"Klein, White and Bogan"
Graham Shutte,"Gottlieb, Durgan and Casper"
Lorain Ivshin,"Kertzmann, Thiel and Satterfield"
Roth Pyffe,"Price, Murray and Nitzsche"
Peirce Comer,Powlowski-Kuhic
Andris Lopez,"Schneider, Glover and Fahey"
Lorene Cadalleder,Pollich Group
Ardra Briscoe,Gorczany-Gorczany
Molly Scotsbrook,"Quigley, Kuhic and Fadel"
Larina Rankmore,"Ziemann, Hane and Simonis"
Karen Payne,Weber-Ratke
Margalo Ducker,O'Conner-Heaney
Nessie Winchester,"Okuneva, Kozey and Swaniawski"
Farris Cruft,Hettinger Inc
Meg Embling,"Schaefer, Heidenreich and Cruickshank"
Cyrille Treffrey,"Balistreri, Bode and Bogan"
Mandy Thornthwaite,Franecki Group
Zuzana Kynoch,Hilpert-Keeling
Tiffy Collimore,Nienow-Casper
Maurine Alkins,Mayert and Sons
Elia Nise,Quitzon-Turner
Burg Shanks,Doyle-Bruen
Urbain Cronin,Ledner-Runolfsson
Clive Gooderham,"Crist, Veum and Bartell"
Lem Dodgson,Borer-Gislason
Barbe Brimner,Dare-Homenick
Christye Heatherington,Wuckert-Larkin
Misti Tindall,Schowalter and Sons
Marietta Revey,"Heaney, Johnson and Borer"
Phillipp Kubin,Kutch LLC
Hedi MacCoughan,Lowe Group
Annalee Larvin,Daniel-Senger
Nero Stedman,"Gleichner, Batz and Doyle"
Welby Trevor,"Hansen, Lebsack and Howell"
Shandie Hagard,Durgan-Ruecker
Gale Dionisetto,Weissnat-Daniel
Thomasine Skelhorn,Hackett-Lemke
Bartlet Drage,Abbott-Rutherford
Daphene Stoodale,Mertz-Prohaska
Kimberley Woodroff,Bernier-Rodriguez
Walton Simoncelli,"Boyle, Goldner and Romaguera"
Valry Hurll,"Hettinger, Feest and Walsh"
Viki Blomfield,"Turcotte, Berge and Koepp"
Aldwin Manvelle,Bechtelar Group
Kevin Stark,Heller LLC
Daisi Mordie,Welch Group
Tamra Hothersall,Beier LLC
Durward Tomaino,"Will, Fay and Jakubowski"
Nissy Goldspink,"Dibbert, Cormier and Tremblay"
Fidole Yurenev,Purdy-Cummings
Kati Alejandro,"Aufderhar, Kuhic and Goodwin"
Pattie Maffy,Smitham Inc
Emelita Wilfling,Mertz Inc
Sula Brandle,Farrell-Stroman
Shelton Waldocke,"Pfeffer, Hackett and Ratke"
Quinn Atkinson,Watsica-Wolff
Tad Blundell,"Brekke, Legros and Reynolds"
Hinze Wogdon,Sauer and Sons
Kerwin Greedyer,"Huel, Jenkins and Donnelly"
Bryant Easson,Gerlach-Reichert
Jone Stappard,Ferry LLC
Ericha Gripton,Hartmann-Shields
Emmeline Wavish,Brakus LLC
Gilbertine Cokly,"Klocko, Collins and Lowe"
Hadley Lewcock,"Gleichner, Kozey and Ondricka"
Cointon Mellows,"Johnston, Raynor and Effertz"
Red Jager,"Johnston, Kautzer and Marvin"
Auberta Mapples,Wyman Inc
Mort Stappard,"McClure, Hansen and Gerhold"
Leigh Duplan,Konopelski-Pollich
Vito Alcide,"Bednar, Mraz and Weissnat"
Ambur Castagno,"O'Kon, Adams and Dach"
Eadmund Decker,Grady Group
Madonna Dowle,"Gusikowski, Becker and Zieme"
Goldi Killbey,Kutch Group
Dimitri Pain,"Gutmann, Wyman and Kling"
Farica Paradin,"Feest, Wunsch and Gulgowski"
Pearl Kellar,Willms LLC
Phebe Gorvette,Conroy-Cruickshank
Moreen Greguol,"Morar, Schmeler and Pfannerstill"
Linn Eastgate,"Haley, Graham and Abbott"
Hildagard Wilber,Bins and Sons
Florentia Sandlin,"Rodriguez, Paucek and Murray"
Husein Kynd,"Rogahn, Schinner and Predovic"
Jasper Gile,"Pollich, Feil and O'Reilly"
Rozalie Lumsdale,"Lemke, Flatley and Hills"
Elianora Cashen,Marks LLC
Oralie Verheijden,Ferry Group
Bonnibelle Rilton,"Schumm, Gorczany and Rau"
Gran Realff,Rippin-Walsh
Onfroi Rain,Maggio-Adams
Zorine Richarz,Walsh-Reichel
Gherardo Sulman,Hackett Group
Desiree Olliver,Rolfson-Williamson
Pierrette Klishin,"Windler, Herzog and Kreiger"
Aimee Lockney,Bailey Group
Amargo Spratt,Stoltenberg Inc
Bond Earngy,Stroman Inc
Devlin Dirr,Cummings Group
Lilly Paeckmeyer,Nikolaus Group
Flor Clayal,Jast-Bauch
Constantia Syversen,"Wiza, Lang and Bechtelar"
Inger Crocetti,Farrell Inc
Sophronia Berfoot,"Dare, Goyette and Hansen"
Blanch Sussans,Grady and Sons
Georgetta Wheelband,Lemke-Runte
Mattheus Harome,Prosacco-Gutmann
Vida Castellet,Cole-Hyatt
Greta Cholomin,"Fahey, Moore and Prohaska"
Patty Pothecary,Streich-Schmidt
Godfrey Dell Casa,Gleichner-Monahan
Iolande Matteoli,Roberts Group
Dyane Ebourne,Sawayn-Reilly
Latia O'Fallowne,Baumbach Inc
Leontyne Coughlan,"Nolan, Nitzsche and Buckridge"
Caroljean Goseling,Nolan LLC
Nickolai Crummay,Braun-Hauck
Leslie Vinnick,Bahringer-Bruen
Shae Bernardin,Bosco Group
Jay Giorgione,Douglas Group
Carlie Boyda,Trantow and Sons
Alic Blancowe,Waelchi Inc
Johna Zolini,Berge LLC
Ivie Jent,Zboncak LLC
Kenon Walters,Schaden-Maggio
Loren Ivy,"McCullough, Littel and Barton"
Norton Prickett,Wehner-Gerhold
Flin Cluckie,"Graham, Jenkins and Ledner"
Nikita Timmis,Moore-Schroeder
Belvia Draye,Toy-Dare
Loralee Mackriell,Swaniawski-Von
Charles Creed,Bernier Group
Gabriel Sawnwy,Reilly-Strosin
Matt Anfusso,Schmeler Inc
Maynard Priestner,Hartmann Group
Kristen Lukash,"Corwin, Morar and D'Amore"
Evonne Muff,Kunde-Robel
Janie Singh,"Murray, Kuphal and Boyle"
Andrea Cotherill,"Kuhlman, Gaylord and Crooks"
Tracey Addinall,Davis and Sons
Sabina Geri,"Langosh, Shields and Pacocha"
Waylon Meale,Blick-Gutkowski
Blaire Lyfield,Russel-Maggio
Joelly Skip,"Schowalter, Turcotte and Lang"
Jodi Danes,"Marvin, Davis and Lowe"
Lawrence Gouch,Schamberger Inc
Jerrilee Howchin,Murray-Dickens
Bridgette Antonio,"Metz, Pouros and Jones"
Phillis Souley,Haley-Koch
Ruggiero Genese,Mosciski-Brakus
Stacee Figures,Harvey-Kutch
Edeline Drexel,Kerluke and Sons
Jaymee Futty,Casper-Barton
Beulah Edmondson,Konopelski and Sons
Gleda Heggadon,"Runolfsson, Douglas and McKenzie"
Constance Thunnerclef,McCullough Inc
Kerrie Itzcovichch,Dickinson Inc
Erie Rudloff,"Jones, McLaughlin and Herman"
Lanie Gillie,Carter LLC
Maribelle Riby,Heller-Greenholt
Skelly Raubenheimers,Strosin-Champlin
Killian Domnick,Hamill Inc
Maria Ruppele,Roob LLC
Tate Menloe,"Johnston, Koelpin and Rau"
Sully Deverill,Schinner Inc
Phaedra Edgecumbe,McLaughlin-Wiza
Haze Burriss,Bosco and Sons
Vittoria Pessler,"Williamson, Gulgowski and Kessler"
Gillan Hampshire,Reynolds-Yost
Concordia Bissiker,"Haley, Wuckert and Schaefer"
Jakob Tyzack,Hagenes and Sons
Ali Spanton,Smith and Sons
Filide Carmo,Weimann Group
Farlay Sprott,Metz-Cummings
Patrizius Jerram,"Walker, Purdy and Kulas"
Denys Ferryn,Wisozk Inc
Jasmin Hug,Ebert-Littel
Enid Carne,"Koss, Wilderman and Kling"
Wandis Dyton,"Treutel, Quitzon and Daugherty"
Ameline Bidewell,"Stiedemann, Hintz and Hudson"
Cathee Haygreen,"Hickle, Smitham and Nitzsche"
Graehme Tearny,"Howe, Leannon and Willms"
Darcy Craggs,Hilpert-Lesch
Allistir Stubbin,"Denesik, Stoltenberg and Hane"
Sunny Garm,"Christiansen, Walker and Hansen"
Hugo Presnall,Bergstrom Inc
Lucia Bibb,Mayert and Sons
Moreen Josebury,"Lynch, Rippin and Durgan"
Fred Conner,"Zemlak, Goyette and Donnelly"
Briant Granville,"Von, Wintheiser and Macejkovic"
Cob Edgeworth,"Graham, Mann and Johns"
Rozamond Cosyns,Durgan and Sons
Lucine Anchor,Erdman Group
Perry Teodori,Aufderhar and Sons
Pamela Ruskin,VonRueden Group
Martita Clowney,Dibbert Group
Cheryl Zettoi,Lebsack-Crist
Whitaker Klagges,"Lesch, Tremblay and Smitham"
Joey Crone,Wiza LLC
Rossie Wenham,"McCullough, Hansen and Kuhic"
Vivie Kissell,Kulas-Bradtke
Alli Kemitt,Maggio Group
Oriana Sapsford,"Schamberger, Hoeger and Muller"
Marlin MacClancey,Parker Group
Guy Huckfield,Schuppe-Streich
Viviana Braiden,"VonRueden, Ledner and Keeling"
Millard Belleny,Quitzon Inc
Sonnie Pellman,"Gleason, Bahringer and Goodwin"
Thorin Glencross,"Hilll, Stehr and Okuneva"
Christoforo Bamell,Wiza-Reichel
Scarlet Lorence,"Tillman, Strosin and Hamill"
Joane Abbet,Bartoletti LLC
Meredeth Cornely,"Bernier, Mayer and Howe"
Johannah Wollacott,Lowe-O'Hara
Maire Maddicks,Christiansen-Maggio
Charmain Ciementini,Waters and Sons
Eziechiele MacAllister,Swaniawski Inc
Walt Flaunier,"Bauch, Fahey and Gerhold"
Valle Riddlesden,Halvorson-Murphy
Christine McKinlay,"Schmidt, Windler and Cruickshank"
Edmund Fiddy,Wehner and Sons
Smith Tremolieres,Robel-Gerhold
Jamima Errett,Windler-Smith
Edith Harlock,Collier Inc
Micky Yule,"Wintheiser, Gottlieb and Rogahn"
Adelle Matuszak,Rogahn Group
Samuele Winkworth,"Roberts, Huel and Walter"
Enriqueta Riveles,"Schultz, Ferry and Becker"
Lynea Prestie,Lakin-Parisian
Gabriello Hethron,Ullrich Group
Stephana Jimmison,"Kassulke, O'Hara and Wehner"
Francesca Duer,Considine Inc
Bernard Charlin,Wolf-Boehm
Wyatt Schutze,Bosco LLC
Mariana Mullane,Glover-Fahey
Rebekkah Penhearow,Jones-Jacobi
Eldin Bradman,Padberg-Metz
Eunice Werlock,Parker-Prohaska
Hilario Reeder,"Barton, Aufderhar and Grant"
Zacherie Rowling,Larkin-Oberbrunner
Northrop Kirkwood,Strosin Group
Felice Novakovic,West-Bechtelar
Elnar Given,"Streich, Dooley and Crona"
Bron Basketfield,Hilll-Bernier
Goldarina Hamly,Ernser-Johnson
Emmalyn Spires,Howell LLC
Binni Dever,Schmitt Inc
Kenon Stopford,Carter Group
Nickolai Cars,Jones Group
Rosene Mingasson,"Kessler, Jast and Denesik"
Loralyn Baudesson,Heller-Walsh
Abdel Conwell,Sanford-Douglas
Silvio Gomme,Kunde LLC
Mychal Millery,Runolfsdottir Group
Maddy Showler,"Turner, Stroman and Medhurst"
Stella Kliement,Fisher-Block
Hamil Hospital,"Schmitt, Greenholt and Aufderhar"
Elihu Eddicott,Thompson-Hirthe
Trevor Caruth,Kshlerin-Lindgren
Hermie Ruegg,Larkin Inc
